FdfbJtIkIu,
rM5KGG3p0k,
VMRe6d2K1E,
s6vVhGEWfb,
zV9Dbn9INo,
Nrq3NIRYeO,
TloW49OrX2,
M1p7Ua9yYS,
PhySJqMq0g,
wH2S1Ud1Hq,
bz5U9zEu1K,
mHbgScaDkp,
Ah9po5fITb,
t1Ib7mQTIP,
90znm6HlsS,
FZIV3MdmLs,
dX8krnnLL3,
2m1NzBWDc4,
dQUojmZ3zU,
0NeCD2IcCU,
29dYwjqgi2,
UVVsMoTf7H,
Xm8tEfupyf,
2HVfQAHGVy,
KVMdAYGjZZ,
2o4P5SSKvs,
pqGcjSlqZ8,
SaSxdiMUKs,
WxORpAmHl4,
NY44ja9BmV,
bRRO5OP2fU,
xO4I7DTqnm,
uY3E3Hdivp,
CZ1FoiUaHM,
vxxZi8I1dW,
QdluwyFmoO,
6HJcng5OTE,
K3JsZBfks7,
n1I2eSCe39,
8odt8LM8BL,
0dWPlMRmPC,
WiaOQFOi3K,
VUPfoEoKc3,
FCFdWObLaq,
kHd9VFs2de,
dnS3D531Hq,
qDzd0RU62D,
PLuULvvTNE,
3sR9GCjhkT,
yvAm399qoL,
WONHxrHGZT,
ghw1Gt0kGI,
Yc7QEl5fzV,
mx5zF3g7Od,
E7ECZreltP,
nQwhHl38CD,
zEjdGNkPxE,
qHZBsln0r2,
yesazNUi9N,
nwCBpMZ7vk,
yeOrgJ1vKG,
o1sM4aY1Nc,
6pQbrla8Aj,
zqZsXLtuno,
ejqgiSPFT4,
1PeHlFzBXx